{
    "1 Month": [
        {
            "FCC Heading": "Broadband Facts",
            "Provider Name": "Straight Talk Wireless",
            "Plan Name": "Platinum Unlimited",
            "Plan Type": "Mobile Broadband Consumer Disclosure",
            "Monthly Price": "$65.00",
            "Monthly Introductory Part": "This Monthly Price is not an introductory rate.This Monthly Price does not require a contract.",
            "Activation Fee": "$0.00",
            "Provider Monthly Fees": "$0.00",
            "One-Time Fees at the Time of Purchase": " ",
            "Federal Universal Service Fund": "$0.37",
            "Regulatory Cost Recovery": "$0.13",
            "Early Termination Fee": "$0.00",
            "Government Taxes": "Varies by location",
            "Discounts & Bundles": "Click here for available discounts and pricing options for broadband service bundled with other services like video, phones, and wireless services, and use of your own equipment like modem or routers.",
            "5G-Typical Download Speed": "35-143 Mbps",
            "5G-Typical Upload Speed": "5-31 Mbps",
            "5G-Typical Latency": "42-64 ms",
            "4G LTE-Typical Download Speed": "11-75 Mbps",
            "4G LTE-Typical Upload Speed": "1-13 Mbps",
            "4G LTE-Typical Latency": "49-75 ms",
            "Data Included Monthly": "Unlimited",
            "Additional Data Charges": "$0.00",
            "Network Management": "https://www.verizon.com/about/our-company/network-management",
            "Privacy": "https://www.tracfonewirelessinc.com/en/Privacy%2BPolicy/",
            "Customer Support Contact-Email": "https://www.straighttalk.com/support/contact",
            "Customer Support Contact-Phone": "1-877-430-2355",
            "Learn More Description ": "Learn more about the terms used on this label by visiting the Federal Communications Commission's Consumer Resource Center.",
            "Link to FCC": "https://www.fcc.gov/consumer"
        },
        {
            "FCC Heading": "Broadband Facts",
            "Provider Name": "Straight Talk Wireless",
            "Plan Name": "Gold Unlimited",
            "Plan Type": "Mobile Broadband Consumer Disclosure",
            "Monthly Price": "$55.00",
            "Monthly Introductory Part": "This Monthly Price is not an introductory rate.This Monthly Price does not require a contract.",
            "Activation Fee": "$0.00",
            "Provider Monthly Fees": "$0.00",
            "One-Time Fees at the Time of Purchase": " ",
            "Federal Universal Service Fund": "$0.30",
            "Regulatory Cost Recovery": "$0.11",
            "Early Termination Fee": "$0.00",
            "Government Taxes": "Varies by location",
            "Discounts & Bundles": "Click here for available discounts and pricing options for broadband service bundled with other services like video, phones, and wireless services, and use of your own equipment like modem or routers.",
            "5G-Typical Download Speed": "35-143 Mbps",
            "5G-Typical Upload Speed": "5-31 Mbps",
            "5G-Typical Latency": "42-64 ms",
            "4G LTE-Typical Download Speed": "11-75 Mbps",
            "4G LTE-Typical Upload Speed": "1-13 Mbps",
            "4G LTE-Typical Latency": "49-75 ms",
            "Data Included Monthly": "Unlimited",
            "Additional Data Charges": "$0.00",
            "Network Management": "https://www.verizon.com/about/our-company/network-management",
            "Privacy": "https://www.tracfonewirelessinc.com/en/Privacy%2BPolicy/",
            "Customer Support Contact-Email": "https://www.straighttalk.com/support/contact",
            "Customer Support Contact-Phone": "1-877-430-2355",
            "Learn More Description ": "Learn more about the terms used on this label by visiting the Federal Communications Commission's Consumer Resource Center.",
            "Link to FCC": "https://www.fcc.gov/consumer"
        },
        {
            "FCC Heading": "Broadband Facts",
            "Provider Name": "Straight Talk Wireless",
            "Plan Name": "Silver Unlimited",
            "Plan Type": "Mobile Broadband Consumer Disclosure",
            "Monthly Price": "$45.00",
            "Monthly Introductory Part": "This Monthly Price is not an introductory rate.This Monthly Price does not require a contract.",
            "Activation Fee": "$0.00",
            "Provider Monthly Fees": "$0.00",
            "One-Time Fees at the Time of Purchase": " ",
            "Federal Universal Service Fund": "$0.26",
            "Regulatory Cost Recovery": "$0.09",
            "Early Termination Fee": "$0.00",
            "Government Taxes": "Varies by location",
            "Discounts & Bundles": "Click here for available discounts and pricing options for broadband service bundled with other services like video, phones, and wireless services, and use of your own equipment like modem or routers.",
            "5G-Typical Download Speed": "34-149 Mbps",
            "5G-Typical Upload Speed": "6-37 Mbps",
            "5G-Typical Latency": "42-63 ms",
            "4G LTE-Typical Download Speed": "9-69 Mbps",
            "4G LTE-Typical Upload Speed": "1-13 Mbps",
            "4G LTE-Typical Latency": "51-82 ms",
            "Data Included Monthly": "Unlimited",
            "Additional Data Charges": "$0.00",
            "Network Management": "https://www.verizon.com/about/our-company/network-management",
            "Privacy": "https://www.tracfonewirelessinc.com/en/Privacy%2BPolicy/",
            "Customer Support Contact-Email": "https://www.straighttalk.com/support/contact",
            "Customer Support Contact-Phone": "1-877-430-2355",
            "Learn More Description ": "Learn more about the terms used on this label by visiting the Federal Communications Commission's Consumer Resource Center.",
            "Link to FCC": "https://www.fcc.gov/consumer"
        },
        {
            "FCC Heading": "Broadband Facts",
            "Provider Name": "Straight Talk Wireless",
            "Plan Name": "Bronze 10 GB",
            "Plan Type": "Mobile Broadband Consumer Disclosure",
            "Monthly Price": "$35.00",
            "Monthly Introductory Part": "This Monthly Price is not an introductory rate.This Monthly Price does not require a contract.",
            "Activation Fee": "$0.00",
            "Provider Monthly Fees": "$0.00",
            "One-Time Fees at the Time of Purchase": " ",
            "Federal Universal Service Fund": "$0.19",
            "Regulatory Cost Recovery": "$0.07",
            "Early Termination Fee": "$0.00",
            "Government Taxes": "Varies by location",
            "Discounts & Bundles": "Click here for available discounts and pricing options for broadband service bundled with other services like video, phones, and wireless services, and use of your own equipment like modem or routers.",
            "5G-Typical Download Speed": "34-149 Mbps",
            "5G-Typical Upload Speed": "6-37 Mbps",
            "5G-Typical Latency": "42-63 ms",
            "4G LTE-Typical Download Speed": "9-69 Mbps",
            "4G LTE-Typical Upload Speed": "1-13 Mbps",
            "4G LTE-Typical Latency": "51-82 ms",
            "Data Included Monthly": "10 GB",
            "Additional Data Charges": "$0.00",
            "Network Management": "https://www.verizon.com/about/our-company/network-management",
            "Privacy": "https://www.tracfonewirelessinc.com/en/Privacy%2BPolicy/",
            "Customer Support Contact-Email": "https://www.straighttalk.com/support/contact",
            "Customer Support Contact-Phone": "1-877-430-2355",
            "Learn More Description ": "Learn more about the terms used on this label by visiting the Federal Communications Commission's Consumer Resource Center.",
            "Link to FCC": "https://www.fcc.gov/consumer"
        }
    ],
    "12 Month": [
        {
            "FCC Heading": "Broadband Facts",
            "Provider Name": "Straight Talk Wireless",
            "Plan Name": "Unlimited - 1 year plan - $360",
            "Plan Type": "Mobile Broadband Consumer Disclosure",
            "Monthly Price": "$30.00",
            "Monthly Introductory Part": "This Monthly Price is not an introductory rate.This Monthly Price does not require a contract.",
            "Activation Fee": "$0.00",
            "Provider Monthly Fees": "$0.00",
            "One-Time Fees at the Time of Purchase": " ",
            "Federal Universal Service Fund": "$2.05",
            "Regulatory Cost Recovery": "$0.72",
            "Early Termination Fee": "$0.00",
            "Government Taxes": "Varies by location",
            "Discounts & Bundles": "Click here for available discounts and pricing options for broadband service bundled with other services like video, phones, and wireless services, and use of your own equipment like modem or routers.",
            "5G-Typical Download Speed": "34-149 Mbps",
            "5G-Typical Upload Speed": "6-37 Mbps",
            "5G-Typical Latency": "42-63 ms",
            "4G LTE-Typical Download Speed": "9-69 Mbps",
            "4G LTE-Typical Upload Speed": "1-13 Mbps",
            "4G LTE-Typical Latency": "51-82 ms",
            "Data Included Monthly": "Unlimited",
            "Additional Data Charges": "$0.00",
            "Network Management": "https://www.verizon.com/about/our-company/network-management",
            "Privacy": "https://www.tracfonewirelessinc.com/en/Privacy%2BPolicy/",
            "Customer Support Contact-Email": "https://www.straighttalk.com/support/contact",
            "Customer Support Contact-Phone": "1-877-430-2355",
            "Learn More Description ": "Learn more about the terms used on this label by visiting the Federal Communications Commission's Consumer Resource Center.",
            "Link to FCC": "https://www.fcc.gov/consumer"
        }
    ],
    "3 Month": [
        {
            "FCC Heading": "Broadband Facts",
            "Provider Name": "Straight Talk Wireless",
            "Plan Name": "Unlimited- 3 months plan-$120",
            "Plan Type": "Mobile Broadband Consumer Disclosure",
            "Monthly Price": "$40.00",
            "Monthly Introductory Part": "This Monthly Price is not an introductory rate.This Monthly Price does not require a contract.",
            "Activation Fee": "$0.00",
            "Provider Monthly Fees": "$0.00",
            "One-Time Fees at the Time of Purchase": " ",
            "Federal Universal Service Fund": "$0.68",
            "Regulatory Cost Recovery": "$0.24",
            "Early Termination Fee": "$0.00",
            "Government Taxes": "Varies by location",
            "Discounts & Bundles": "Click here for available discounts and pricing options for broadband service bundled with other services like video, phones, and wireless services, and use of your own equipment like modem or routers.",
            "5G-Typical Download Speed": "34-149 Mbps",
            "5G-Typical Upload Speed": "6-37 Mbps",
            "5G-Typical Latency": "42-63 ms",
            "4G LTE-Typical Download Speed": "9-69 Mbps",
            "4G LTE-Typical Upload Speed": "1-13 Mbps",
            "4G LTE-Typical Latency": "51-82 ms",
            "Data Included Monthly": "Unlimited",
            "Additional Data Charges": "$0.00",
            "Network Management": "https://www.verizon.com/about/our-company/network-management",
            "Privacy": "https://www.tracfonewirelessinc.com/en/Privacy%2BPolicy/",
            "Customer Support Contact-Email": "https://www.straighttalk.com/support/contact",
            "Customer Support Contact-Phone": "1-877-430-2355",
            "Learn More Description ": "Learn more about the terms used on this label by visiting the Federal Communications Commission's Consumer Resource Center.",
            "Link to FCC": "https://www.fcc.gov/consumer"
        }
    ],
    "6 Month": [
        {
            "FCC Heading": "Broadband Facts",
            "Provider Name": "Straight Talk Wireless",
            "Plan Name": "Unlimited - 6 months plan-$210",
            "Plan Type": "Mobile Broadband Consumer Disclosure",
            "Monthly Price": "$35.00",
            "Monthly Introductory Part": "This Monthly Price is not an introductory rate.This Monthly Price does not require a contract.",
            "Activation Fee": "$0.00",
            "Provider Monthly Fees": "$0.00",
            "One-Time Fees at the Time of Purchase": " ",
            "Federal Universal Service Fund": "$1.20",
            "Regulatory Cost Recovery": "$0.42",
            "Early Termination Fee": "$0.00",
            "Government Taxes": "Varies by location",
            "Discounts & Bundles": "Click here for available discounts and pricing options for broadband service bundled with other services like video, phones, and wireless services, and use of your own equipment like modem or routers.",
            "5G-Typical Download Speed": "34-149 Mbps",
            "5G-Typical Upload Speed": "6-37 Mbps",
            "5G-Typical Latency": "42-63 ms",
            "4G LTE-Typical Download Speed": "9-69 Mbps",
            "4G LTE-Typical Upload Speed": "1-13 Mbps",
            "4G LTE-Typical Latency": "51-82 ms",
            "Data Included Monthly": "Unlimited",
            "Additional Data Charges": "$0.00",
            "Network Management": "https://www.verizon.com/about/our-company/network-management",
            "Privacy": "https://www.tracfonewirelessinc.com/en/Privacy%2BPolicy/",
            "Customer Support Contact-Email": "https://www.straighttalk.com/support/contact",
            "Customer Support Contact-Phone": "1-877-430-2355",
            "Learn More Description ": "Learn more about the terms used on this label by visiting the Federal Communications Commission's Consumer Resource Center.",
            "Link to FCC": "https://www.fcc.gov/consumer"
        }
    ]
}